{
  "aura": {
    "name": "Aura",
    "description": "Aura is an intelligent AI assistant designed to learn from interactions and assist with a wide variety of tasks. Aura is capable of answering questions, providing recommendations, and more.",
    "version": "1.0",
    "capabilities": [
      "Answer questions",
      "Learn from interactions",
      "Provide recommendations",
      "Assist with tasks",
      "Understand natural language"
    ],
    "commands": {
      "help": "Provides a list of available commands and how to use them.",
      "learn": "Teaches Aura new facts. Example: 'Aura, here's a new fact about Python.'",
      "greet": "Starts a greeting conversation. Example: 'Hello Aura!'",
      "about": "Gives detailed information about Aura, including capabilities, version, and usage."
    },
    "knowledge": {
      "aura": "Aura is a self-learning AI model designed to assist with tasks and provide information.",
      "ai": "Artificial Intelligence (AI) refers to the simulation of human intelligence processes by machines.",
      "machine_learning": "Machine Learning is a subset of AI that involves the development of algorithms that allow computers to learn from data."
    },
    "usage_example": {
      "greeting": "User: 'Hello Aura!'\nAura: 'Hi there! How can I assist you today?'",
      "learning": "User: 'Aura, here's a new fact about Python: Python is widely used in AI development.'\nAura: 'Got it! I’ve learned that Python is widely used in AI development.'"
    },
    "error_responses": {
      "unknown_command": "Sorry, I didn't understand that. Please try again or type 'help' to see available commands.",
      "learning_error": "There was an error while trying to learn that fact. Please make sure you provided a valid fact."
    }
  }
}
